{
  "version": 1,
  "author": "ravessss",
  "editor": "wokwi",
  "parts": [
    { "type": "wokwi-breadboard", "id": "bb1", "top": 141, "left": -256.4, "attrs": {} },
    {
      "type": "board-esp32-devkit-c-v4",
      "id": "esp",
      "top": 36.74,
      "left": -188.3,
      "rotate": 90,
      "attrs": {}
    },
    {
      "type": "wokwi-led",
      "id": "led1",
      "top": 289.6,
      "left": 253.8,
      "rotate": 180,
      "attrs": { "color": "green" }
    },
    {
      "type": "wokwi-buzzer",
      "id": "bz1",
      "top": 297.6,
      "left": 192,
      "rotate": 180,
      "attrs": { "volume": "0.1" }
    },
    {
      "type": "wokwi-resistor",
      "id": "r1",
      "top": 225.6,
      "left": 239.45,
      "rotate": 90,
      "attrs": { "value": "300" }
    },
    { "type": "chip-lm35", "id": "chip1", "top": 385.02, "left": 465.6, "attrs": {} }
  ],
  "connections": [
    [ "esp:TX", "$serialMonitor:RX", "", [] ],
    [ "esp:RX", "$serialMonitor:TX", "", [] ],
    [ "esp:5V", "bb1:tp.18", "red", [ "v-9.45", "h212" ] ],
    [ "esp:GND.2", "bb1:tn.18", "black", [ "h38.4", "v-28.7" ] ],
    [ "bb1:62b.f", "bb1:tp.50", "red", [ "v0" ] ],
    [ "bb1:61b.f", "bb1:tn.50", "black", [ "v0" ] ],
    [ "esp:34", "bb1:63b.f", "green", [ "v-19.05", "h460.8" ] ],
    [ "bb1:50b.f", "bb1:tn.40", "black", [ "v0" ] ],
    [ "bb1:49b.f", "bb1:12t.e", "green", [ "v0" ] ],
    [ "led1:C", "bb1:tn.44", "black", [ "v0" ] ],
    [ "bb1:53t.a", "bb1:18t.b", "green", [ "v0" ] ],
    [ "bb1:61b.j", "chip1:GND", "green", [ "v0" ] ],
    [ "chip1:OUT", "bb1:63b.j", "green", [ "h0" ] ],
    [ "chip1:VCC", "bb1:62b.j", "red", [ "h0" ] ],
    [ "led1:A", "bb1:53b.j", "", [ "$bb" ] ],
    [ "led1:C", "bb1:54b.j", "", [ "$bb" ] ],
    [ "bz1:1", "bb1:50b.j", "", [ "$bb" ] ],
    [ "bz1:2", "bb1:49b.j", "", [ "$bb" ] ],
    [ "r1:1", "bb1:53t.b", "", [ "$bb" ] ],
    [ "r1:2", "bb1:53b.f", "", [ "$bb" ] ],
    [ "esp:0", "bb1:6t.a", "", [ "$bb" ] ],
    [ "esp:2", "bb1:5t.a", "", [ "$bb" ] ],
    [ "esp:4", "bb1:7t.a", "", [ "$bb" ] ],
    [ "esp:5", "bb1:10t.a", "", [ "$bb" ] ],
    [ "esp:15", "bb1:4t.a", "", [ "$bb" ] ],
    [ "esp:16", "bb1:8t.a", "", [ "$bb" ] ],
    [ "esp:17", "bb1:9t.a", "", [ "$bb" ] ],
    [ "esp:18", "bb1:11t.a", "", [ "$bb" ] ],
    [ "esp:19", "bb1:12t.a", "", [ "$bb" ] ],
    [ "esp:21", "bb1:14t.a", "", [ "$bb" ] ],
    [ "esp:22", "bb1:17t.a", "", [ "$bb" ] ],
    [ "esp:23", "bb1:18t.a", "", [ "$bb" ] ],
    [ "esp:GND.2", "bb1:19t.a", "", [ "$bb" ] ],
    [ "esp:TX", "bb1:16t.a", "", [ "$bb" ] ],
    [ "esp:RX", "bb1:15t.a", "", [ "$bb" ] ],
    [ "esp:GND.3", "bb1:13t.a", "", [ "$bb" ] ],
    [ "esp:D1", "bb1:3t.a", "", [ "$bb" ] ],
    [ "esp:D0", "bb1:2t.a", "", [ "$bb" ] ],
    [ "esp:CLK", "bb1:1t.a", "", [ "$bb" ] ],
    [ "bb1:18t.b", "bb1:10t.b", "green", [ "v0", "h-76.8" ] ],
    [ "bb1:10t.b", "bb1:9t.b", "green", [ "v0" ] ],
    [ "bb1:12t.e", "bb1:11t.e", "green", [ "v0", "h-9.6" ] ]
  ],
  "dependencies": {}
}